{"cameraMode":{"drawMode":0,"name":"Shaded","section":"Shading Mode"},"sceneLighting":true,"audioPlay":false,"sceneViewState":{"m_AlwaysRefresh":false,"showFog":true,"showSkybox":true,"showFlares":true,"showImageEffects":true,"showParticleSystems":true,"showVisualEffectGraphs":true,"m_FxEnabled":true},"in2DMode":false,"pivot":{"x":-2.659127712249756,"y":-2.2740349769592287,"z":3.3710074424743654},"rotation":{"x":0.11215221136808396,"y":-0.8825110197067261,"z":0.26721295714378359,"w":0.3705092966556549},"size":4.2436137199401859,"orthographic":false}